"","Burglary","Earthquake","Alarm","JohnCalls","MaryCalls"
"1","False","False","False","False","False"
"2","False","False","False","True","False"
"3","False","False","False","False","False"
"4","False","True","True","True","False"
"5","False","False","False","False","False"
"6","False","False","False","False","False"
"7","False","False","False","False","False"
"8","False","False","False","False","False"
"9","False","False","False","False","False"
"10","False","False","False","False","False"
"11","False","False","False","False","False"
"12","False","False","False","False","False"
"13","True","False","True","True","False"
"14","False","False","False","False","False"
"15","False","False","False","False","False"
"16","False","False","False","False","False"
"17","False","False","False","False","False"
"18","False","False","False","False","False"
"19","False","False","False","False","False"
"20","False","False","False","False","False"
"21","False","False","False","False","False"
"22","False","False","False","False","False"
"23","False","False","False","False","False"
"24","False","False","False","False","False"
"25","False","False","False","False","False"
"26","False","False","False","False","False"
"27","False","False","False","False","False"
"28","False","False","False","False","False"
"29","False","False","False","False","False"
"30","False","False","False","False","False"
"31","False","False","False","False","False"
"32","False","False","False","False","False"
"33","False","False","False","False","False"
"34","False","False","False","False","False"
"35","False","False","False","False","False"
"36","True","False","True","True","False"
"37","False","False","False","True","False"
"38","False","False","False","True","False"
"39","False","False","False","False","False"
"40","False","False","False","False","False"
"41","False","False","False","False","False"
"42","False","False","False","False","False"
"43","False","False","False","False","False"
"44","False","False","False","False","False"
"45","False","False","False","False","False"
"46","False","False","False","False","False"
"47","False","False","False","False","True"
"48","False","False","False","False","False"
"49","False","False","False","False","False"
"50","False","False","False","False","False"
"51","False","False","False","False","False"
"52","False","False","False","False","True"
"53","False","False","False","False","False"
"54","False","False","False","True","False"
"55","False","False","False","False","False"
"56","False","False","False","False","False"
"57","False","False","False","False","False"
"58","False","False","False","False","False"
"59","False","False","False","False","False"
"60","False","False","False","False","False"
"61","False","False","False","False","False"
"62","False","False","False","False","False"
"63","False","False","False","False","False"
"64","False","True","False","False","False"
"65","False","False","False","False","False"
"66","False","False","False","False","False"
"67","False","True","False","False","False"
"68","False","False","False","False","False"
"69","False","False","False","False","False"
"70","False","False","False","False","False"
"71","False","False","False","False","False"
"72","False","False","False","True","False"
"73","False","False","False","False","False"
"74","False","False","False","False","False"
"75","False","False","False","False","False"
"76","False","False","False","False","False"
"77","False","False","False","False","False"
"78","False","False","False","False","False"
"79","False","True","False","True","False"
"80","False","False","False","False","False"
"81","False","False","False","False","False"
"82","False","False","False","False","False"
"83","False","False","False","False","False"
"84","False","False","False","False","False"
"85","False","False","False","False","False"
"86","False","False","False","False","False"
"87","False","False","False","False","False"
"88","False","False","False","False","False"
"89","False","False","False","False","False"
"90","False","False","False","False","False"
"91","False","False","False","False","False"
"92","False","False","False","False","False"
"93","False","False","False","False","False"
"94","False","False","False","False","False"
"95","False","False","False","False","False"
"96","False","False","False","False","False"
"97","False","False","False","False","False"
"98","False","False","False","False","False"
"99","False","False","False","False","False"
"100","False","False","False","False","False"
"101","False","False","False","False","False"
"102","False","False","False","False","False"
"103","False","False","False","False","False"
"104","False","False","False","False","False"
"105","False","False","False","False","False"
"106","False","False","False","False","False"
"107","False","False","False","False","False"
"108","False","False","False","False","False"
"109","False","False","False","False","False"
"110","False","False","False","False","False"
"111","False","False","False","False","False"
"112","False","False","False","False","False"
"113","False","False","False","False","False"
"114","False","False","False","False","False"
"115","False","False","False","False","False"
"116","False","False","False","False","False"
"117","False","False","False","False","False"
"118","False","False","False","False","False"
"119","False","False","False","False","False"
"120","False","False","False","False","False"
"121","False","False","False","False","False"
"122","False","False","False","False","False"
"123","False","False","False","False","False"
"124","False","False","False","False","False"
"125","False","False","False","False","False"
"126","False","False","False","True","False"
"127","False","False","False","False","False"
"128","False","False","False","False","False"
"129","False","False","False","False","False"
"130","False","False","False","False","False"
"131","False","False","False","False","False"
"132","False","False","False","False","False"
"133","False","False","False","False","False"
"134","False","False","False","False","False"
"135","False","False","False","False","False"
"136","False","False","False","True","False"
"137","True","False","True","True","True"
"138","True","False","True","True","True"
"139","False","False","False","False","False"
"140","False","False","False","False","False"
"141","False","False","False","False","False"
"142","False","False","False","False","False"
"143","False","False","False","False","False"
"144","False","False","False","False","False"
"145","False","False","False","False","False"
"146","False","False","False","False","False"
"147","False","False","False","False","False"
"148","False","False","False","False","False"
"149","False","True","False","False","False"
"150","False","False","False","False","False"
"151","False","False","False","False","False"
"152","False","False","False","False","False"
"153","False","False","False","False","False"
"154","False","False","False","False","False"
"155","False","False","False","False","False"
"156","False","False","False","False","False"
"157","False","False","False","False","False"
"158","False","False","False","False","False"
"159","False","False","False","False","False"
"160","False","False","False","False","False"
"161","False","False","False","False","True"
"162","False","False","False","False","False"
"163","False","False","False","False","False"
"164","False","True","False","False","False"
"165","False","False","False","False","False"
"166","False","False","False","False","False"
"167","False","False","False","False","False"
"168","False","False","False","False","False"
"169","False","False","False","False","False"
"170","False","False","False","False","False"
"171","False","False","False","False","False"
"172","False","False","False","False","False"
"173","False","False","False","False","False"
"174","False","False","False","False","False"
"175","False","False","False","False","False"
"176","False","False","False","False","False"
"177","False","False","False","False","False"
"178","False","False","False","False","False"
"179","False","False","False","False","False"
"180","False","False","False","False","False"
"181","False","False","False","False","False"
"182","False","False","False","False","False"
"183","False","False","False","False","False"
"184","False","False","False","False","False"
"185","False","False","False","False","False"
"186","False","False","False","False","False"
"187","False","False","False","False","False"
"188","False","False","False","False","False"
"189","False","False","False","False","False"
"190","False","False","False","False","False"
"191","False","False","False","False","True"
"192","False","False","False","False","False"
"193","False","False","False","False","False"
"194","False","False","False","False","False"
"195","False","False","False","False","False"
"196","False","False","False","False","False"
"197","False","False","False","True","False"
"198","False","False","False","False","False"
"199","False","False","False","False","False"
"200","False","False","False","False","False"
"201","False","False","False","False","False"
"202","False","False","False","False","False"
"203","False","False","False","False","False"
"204","False","False","False","False","False"
"205","False","False","False","True","False"
"206","False","False","False","False","False"
"207","False","False","False","False","False"
"208","False","False","False","False","False"
"209","False","False","False","False","False"
"210","False","False","False","False","False"
"211","False","False","False","False","False"
"212","False","False","False","False","False"
"213","False","False","False","False","False"
"214","False","False","False","False","False"
"215","False","False","False","False","False"
"216","False","False","False","False","False"
"217","False","False","False","False","False"
"218","False","False","False","False","False"
"219","False","False","False","False","False"
"220","False","False","False","False","False"
"221","False","False","False","False","False"
"222","False","False","False","False","False"
"223","False","False","False","False","False"
"224","False","False","False","False","False"
"225","False","False","False","False","False"
"226","False","False","False","False","False"
"227","False","False","False","False","False"
"228","False","False","False","False","False"
"229","False","False","False","False","False"
"230","False","False","False","False","False"
"231","False","False","False","False","False"
"232","False","False","False","False","True"
"233","False","False","False","False","False"
"234","False","False","False","False","False"
"235","False","False","False","False","False"
"236","False","False","False","False","False"
"237","False","False","False","False","False"
"238","False","False","False","False","False"
"239","False","False","False","False","False"
"240","False","False","False","False","False"
"241","False","False","False","False","False"
"242","False","False","False","False","False"
"243","False","False","False","False","False"
"244","False","False","False","False","False"
"245","False","False","False","False","False"
"246","False","False","False","False","False"
"247","False","False","False","True","False"
"248","False","False","False","False","False"
"249","False","False","False","False","False"
"250","False","False","False","False","False"
"251","False","False","False","False","False"
"252","False","False","False","False","False"
"253","False","False","False","False","False"
"254","False","False","False","False","False"
"255","False","False","False","False","False"
"256","False","False","False","False","False"
"257","False","False","False","False","False"
"258","False","True","False","False","False"
"259","False","False","False","False","False"
"260","False","False","False","False","False"
"261","False","False","False","False","False"
"262","False","False","False","False","False"
"263","False","False","False","False","False"
"264","False","False","False","False","False"
"265","False","False","False","False","False"
"266","False","False","False","False","False"
"267","False","False","False","False","False"
"268","False","False","False","False","False"
"269","False","False","False","False","False"
"270","False","False","False","False","False"
"271","False","False","False","False","False"
"272","False","False","False","False","False"
"273","False","False","False","False","False"
"274","False","False","False","False","False"
"275","False","False","False","False","False"
"276","False","False","False","False","False"
"277","False","False","False","True","False"
"278","False","False","False","False","False"
"279","False","False","False","True","False"
"280","False","False","False","False","False"
"281","False","False","False","False","False"
"282","False","False","False","False","False"
"283","False","False","False","False","False"
"284","False","False","False","False","False"
"285","False","False","False","False","False"
"286","False","False","False","False","False"
"287","False","False","False","False","False"
"288","False","False","False","False","False"
"289","False","False","False","False","False"
"290","False","False","False","False","False"
"291","False","False","False","True","False"
"292","False","False","False","False","False"
"293","False","False","False","False","False"
"294","False","False","False","False","False"
"295","False","False","False","False","False"
"296","False","False","False","False","False"
"297","False","False","False","False","False"
"298","False","False","False","False","False"
"299","False","False","False","False","False"
"300","False","False","False","False","False"
"301","False","False","False","False","False"
"302","False","False","False","False","False"
"303","False","False","False","False","False"
"304","False","False","False","False","False"
"305","False","False","False","False","False"
"306","False","False","False","False","False"
"307","False","False","False","False","False"
"308","False","False","False","False","False"
"309","False","False","False","False","False"
"310","False","False","False","True","False"
"311","False","False","False","False","False"
"312","False","False","False","False","False"
"313","False","False","False","False","False"
"314","False","False","False","False","False"
"315","False","False","False","False","False"
"316","False","False","False","False","False"
"317","False","False","False","False","False"
"318","False","False","False","False","False"
"319","False","False","False","False","False"
"320","False","False","False","False","False"
"321","False","False","False","False","False"
"322","False","False","False","False","False"
"323","False","False","False","True","False"
"324","False","False","False","False","False"
"325","False","False","False","False","False"
"326","False","False","False","False","False"
"327","False","False","False","False","False"
"328","False","False","False","False","False"
"329","False","False","False","False","False"
"330","False","False","False","False","False"
"331","False","False","False","False","False"
"332","False","False","False","False","False"
"333","False","False","False","False","False"
"334","False","False","False","False","False"
"335","False","False","False","False","False"
"336","False","False","False","False","False"
"337","False","False","False","False","False"
"338","False","False","False","False","False"
"339","False","False","False","False","False"
"340","False","False","False","False","False"
"341","False","False","False","False","False"
"342","False","False","False","False","False"
"343","False","False","False","False","False"
"344","False","False","False","False","False"
"345","False","False","False","False","False"
"346","False","False","False","True","False"
"347","False","False","False","False","False"
"348","False","False","False","False","False"
"349","False","False","False","False","False"
"350","False","False","False","False","False"
"351","False","False","False","False","False"
"352","False","False","False","False","False"
"353","False","False","False","False","False"
"354","False","False","False","False","False"
"355","False","False","False","False","False"
"356","False","False","False","False","False"
"357","False","False","False","False","False"
"358","True","False","True","True","True"
"359","False","False","False","False","False"
"360","True","False","True","True","False"
"361","False","False","False","False","False"
"362","False","False","False","False","False"
"363","False","False","False","False","False"
"364","False","False","False","False","False"
"365","False","False","False","False","False"
"366","False","False","False","False","False"
"367","False","False","False","False","False"
"368","False","False","False","False","False"
"369","False","False","False","False","False"
"370","False","False","False","False","False"
"371","False","False","False","False","False"
"372","False","False","False","False","False"
"373","False","False","False","False","False"
"374","False","False","False","True","False"
"375","False","False","False","False","False"
"376","False","False","False","True","False"
"377","False","False","False","False","False"
"378","False","False","False","False","False"
"379","False","False","False","False","False"
"380","False","False","False","False","False"
"381","False","False","False","False","False"
"382","False","False","False","False","False"
"383","False","False","False","False","False"
"384","False","False","False","False","False"
"385","False","False","False","False","False"
"386","False","False","False","False","False"
"387","False","False","False","False","False"
"388","False","False","False","False","False"
"389","False","False","False","False","False"
"390","False","False","False","True","False"
"391","False","False","False","False","False"
"392","False","False","False","False","False"
"393","False","True","False","False","False"
"394","False","False","False","False","False"
"395","False","False","False","False","False"
"396","False","False","False","True","False"
"397","False","False","False","False","False"
"398","False","False","False","False","False"
"399","False","False","False","False","False"
"400","False","False","False","False","False"
"401","False","False","False","False","False"
"402","False","False","False","False","False"
"403","False","False","False","False","False"
"404","False","False","False","False","False"
"405","False","False","False","False","False"
"406","False","False","False","False","False"
"407","False","False","False","False","False"
"408","False","False","False","False","False"
"409","False","False","False","False","False"
"410","False","False","False","False","False"
"411","False","False","False","False","False"
"412","False","False","False","False","False"
"413","False","False","False","False","False"
"414","False","False","False","False","False"
"415","False","False","False","False","False"
"416","False","False","False","False","False"
"417","False","False","False","False","False"
"418","False","False","False","False","False"
"419","False","False","False","False","False"
"420","False","False","False","False","False"
"421","False","False","False","False","False"
"422","False","False","False","False","False"
"423","False","False","False","False","False"
"424","False","False","False","False","False"
"425","False","False","False","False","False"
"426","False","False","False","False","False"
"427","False","False","False","False","False"
"428","False","False","False","False","False"
"429","False","False","False","False","False"
"430","False","False","False","True","False"
"431","False","False","False","False","False"
"432","False","False","False","False","False"
"433","False","False","False","False","False"
"434","False","False","False","False","False"
"435","False","False","False","False","False"
"436","False","True","False","False","False"
"437","False","False","False","False","False"
"438","False","False","False","False","False"
"439","False","False","False","False","False"
"440","False","False","False","False","False"
"441","False","False","False","True","False"
"442","False","False","False","False","False"
"443","False","False","False","False","False"
"444","False","False","False","False","False"
"445","False","False","False","False","False"
"446","False","False","False","False","False"
"447","False","False","False","False","False"
"448","False","False","False","False","False"
"449","False","False","False","False","False"
"450","False","False","False","False","False"
"451","False","False","False","False","False"
"452","False","False","False","False","False"
"453","False","False","False","False","False"
"454","False","False","False","False","False"
"455","False","False","False","False","False"
"456","False","False","False","False","False"
"457","False","False","False","False","False"
"458","False","False","False","False","False"
"459","False","False","False","False","False"
"460","False","False","False","False","False"
"461","False","False","False","True","False"
"462","False","False","False","False","False"
"463","False","False","False","False","False"
"464","False","False","False","False","False"
"465","False","False","False","False","False"
"466","False","False","False","False","False"
"467","False","False","False","False","False"
"468","False","False","False","False","False"
"469","False","False","False","False","False"
"470","False","False","False","False","False"
"471","False","True","False","False","False"
"472","False","False","False","False","False"
"473","False","False","False","True","False"
"474","False","False","False","False","False"
"475","False","False","False","False","False"
"476","False","False","False","False","False"
"477","False","False","False","False","False"
"478","False","False","False","False","False"
"479","False","False","False","False","False"
"480","False","False","False","False","False"
"481","False","False","False","False","False"
"482","False","False","False","False","False"
"483","False","False","False","False","False"
"484","False","False","False","False","False"
"485","False","False","False","False","False"
"486","False","True","False","False","False"
"487","False","False","False","False","False"
"488","False","False","False","False","False"
"489","False","False","False","False","False"
"490","False","False","False","False","False"
"491","False","False","False","False","False"
"492","False","False","False","False","False"
"493","False","False","False","False","False"
"494","False","False","False","False","False"
"495","False","False","False","False","False"
"496","False","False","False","False","False"
"497","False","False","False","False","False"
"498","False","False","False","False","False"
"499","False","False","False","False","False"
"500","False","False","False","False","False"
"501","False","False","False","False","False"
"502","False","False","False","False","False"
"503","False","False","False","False","False"
"504","False","False","False","False","False"
"505","False","False","False","False","False"
"506","False","False","False","True","False"
"507","False","False","False","False","False"
"508","False","False","False","False","False"
"509","False","False","False","False","False"
"510","True","False","True","True","True"
"511","False","False","False","False","False"
"512","False","False","False","False","False"
"513","False","False","False","False","False"
"514","False","False","False","False","False"
"515","False","False","False","False","False"
"516","True","False","True","True","False"
"517","False","False","False","False","False"
"518","False","False","False","False","False"
"519","False","False","False","False","False"
"520","False","False","False","True","False"
"521","False","False","False","False","False"
"522","False","False","False","False","False"
"523","False","False","False","False","False"
"524","False","False","False","False","False"
"525","False","False","False","False","False"
"526","False","False","False","True","False"
"527","False","False","False","True","False"
"528","False","False","False","False","False"
"529","False","False","False","False","False"
"530","False","False","False","False","False"
"531","False","False","False","False","False"
"532","False","False","False","False","False"
"533","False","False","False","False","False"
"534","False","False","False","False","False"
"535","False","False","False","False","False"
"536","False","False","False","False","False"
"537","False","False","False","False","False"
"538","False","False","False","False","False"
"539","False","False","False","False","False"
"540","False","False","False","False","False"
"541","False","False","False","False","False"
"542","False","False","False","False","False"
"543","False","False","False","False","False"
"544","False","False","False","False","False"
"545","False","False","False","False","False"
"546","False","False","False","False","False"
"547","False","False","False","False","False"
"548","False","False","False","False","False"
"549","False","False","False","False","False"
"550","False","False","False","False","False"
"551","False","False","False","False","False"
"552","False","False","False","False","False"
"553","False","False","False","False","False"
"554","False","False","False","False","False"
"555","False","False","False","False","False"
"556","False","False","False","False","False"
"557","False","False","False","False","True"
"558","False","False","False","False","False"
"559","False","False","False","False","False"
"560","False","False","False","False","False"
"561","False","False","False","False","False"
"562","False","False","False","False","False"
"563","False","False","False","False","False"
"564","False","False","False","False","False"
"565","False","False","False","False","False"
"566","False","False","False","False","False"
"567","False","False","False","False","False"
"568","False","False","False","False","False"
"569","False","False","False","False","False"
"570","False","False","False","False","False"
"571","False","False","False","False","False"
"572","False","False","False","False","True"
"573","False","False","False","False","False"
"574","False","False","False","False","False"
"575","False","False","False","False","False"
"576","False","False","False","False","False"
"577","False","False","False","False","False"
"578","False","False","False","False","False"
"579","False","True","False","False","False"
"580","False","False","False","False","False"
"581","False","False","False","False","False"
"582","False","False","False","False","False"
"583","False","False","False","False","False"
"584","False","False","False","False","False"
"585","False","False","False","True","False"
"586","False","False","False","False","False"
"587","False","True","False","False","False"
"588","False","False","False","False","False"
"589","False","False","False","False","False"
"590","False","False","False","False","False"
"591","True","False","True","True","True"
"592","False","False","False","False","False"
"593","False","False","False","False","False"
"594","False","False","False","False","False"
"595","False","False","False","False","False"
"596","False","False","False","False","False"
"597","False","False","False","False","False"
"598","False","False","False","False","False"
"599","False","False","False","False","False"
"600","False","False","False","False","False"
"601","False","False","False","False","False"
"602","False","False","False","False","True"
"603","False","False","False","False","False"
"604","False","False","False","False","False"
"605","False","False","False","False","False"
"606","False","False","False","False","False"
"607","False","False","False","False","False"
"608","False","False","False","False","False"
"609","False","False","False","False","False"
"610","False","False","False","False","False"
"611","False","False","False","False","False"
"612","False","False","False","False","False"
"613","False","False","False","False","False"
"614","False","False","False","False","False"
"615","False","False","False","False","False"
"616","False","False","False","False","False"
"617","False","False","False","False","False"
"618","False","False","False","True","False"
"619","False","False","False","False","False"
"620","False","False","False","False","False"
"621","False","False","False","False","False"
"622","False","False","False","False","False"
"623","False","False","False","False","False"
"624","False","False","False","False","False"
"625","False","False","False","False","False"
"626","False","False","False","False","False"
"627","False","False","False","False","False"
"628","False","False","False","False","False"
"629","False","False","False","True","False"
"630","False","False","False","False","False"
"631","False","False","False","False","False"
"632","False","False","False","False","False"
"633","False","False","False","False","False"
"634","False","False","False","False","False"
"635","False","False","False","False","False"
"636","False","False","False","False","False"
"637","False","False","False","False","False"
"638","False","False","False","False","False"
"639","False","False","False","False","False"
"640","False","False","False","False","False"
"641","False","False","False","False","False"
"642","False","False","False","False","False"
"643","False","False","False","False","True"
"644","False","False","False","True","False"
"645","False","False","False","False","False"
"646","False","False","False","False","False"
"647","False","False","False","False","False"
"648","False","True","True","True","True"
"649","False","False","False","False","False"
"650","False","False","False","True","False"
"651","False","False","False","False","False"
"652","False","False","False","False","False"
"653","False","True","False","False","False"
"654","False","False","False","False","False"
"655","False","False","False","False","False"
"656","False","False","False","False","False"
"657","False","False","False","False","False"
"658","False","False","False","True","False"
"659","False","False","False","True","False"
"660","False","False","False","False","False"
"661","False","False","False","False","False"
"662","False","False","False","False","False"
"663","False","False","False","False","False"
"664","False","False","False","False","False"
"665","False","False","False","True","False"
"666","False","False","False","False","False"
"667","False","False","False","False","False"
"668","False","False","False","False","False"
"669","False","False","False","False","False"
"670","False","False","False","False","False"
"671","False","False","False","False","False"
"672","False","False","False","False","False"
"673","False","False","False","False","False"
"674","False","False","True","True","False"
"675","False","False","False","False","False"
"676","False","False","False","False","False"
"677","False","False","False","False","False"
"678","False","False","False","False","False"
"679","False","False","False","False","False"
"680","False","False","False","False","False"
"681","False","False","False","False","False"
"682","False","False","False","False","False"
"683","False","False","False","False","False"
"684","False","False","False","False","False"
"685","False","False","False","False","False"
"686","False","False","False","False","False"
"687","False","False","False","False","False"
"688","False","False","False","False","False"
"689","False","False","False","False","True"
"690","False","False","False","False","False"
"691","False","False","False","False","False"
"692","False","False","False","False","False"
"693","False","False","False","False","False"
"694","False","True","True","True","True"
"695","False","False","False","False","False"
"696","False","False","False","True","False"
"697","False","False","False","False","False"
"698","False","False","False","False","False"
"699","False","False","False","False","False"
"700","False","False","False","False","False"
"701","False","False","False","False","False"
"702","False","False","False","False","False"
"703","False","False","False","False","False"
"704","True","False","False","False","False"
"705","False","False","False","False","False"
"706","False","False","False","False","False"
"707","False","False","False","False","False"
"708","False","False","False","False","False"
"709","False","False","False","False","False"
"710","False","False","False","False","False"
"711","False","False","False","False","False"
"712","False","False","False","False","False"
"713","False","False","False","False","False"
"714","False","False","False","False","False"
"715","False","False","False","False","False"
"716","False","False","False","False","False"
"717","False","False","False","False","False"
"718","False","False","False","False","False"
"719","False","False","False","False","False"
"720","False","False","False","False","False"
"721","False","False","False","False","False"
"722","False","False","False","False","False"
"723","False","False","False","False","False"
"724","False","False","False","False","False"
"725","False","False","False","False","False"
"726","False","False","False","False","False"
"727","False","False","False","False","False"
"728","False","False","False","False","False"
"729","False","False","False","False","False"
"730","True","False","True","True","True"
"731","False","False","False","False","False"
"732","False","False","False","False","False"
"733","False","False","False","False","False"
"734","False","False","False","True","False"
"735","False","False","False","False","False"
"736","False","False","False","False","False"
"737","False","False","False","False","False"
"738","False","False","False","False","False"
"739","False","False","False","False","False"
"740","False","False","False","False","False"
"741","False","False","False","True","False"
"742","False","False","False","False","False"
"743","False","False","False","False","False"
"744","False","False","False","False","False"
"745","False","False","False","False","False"
"746","False","False","False","False","False"
"747","False","False","False","False","False"
"748","False","False","False","False","False"
"749","False","False","False","False","False"
"750","False","False","False","False","False"
"751","False","False","False","False","False"
"752","False","False","False","False","False"
"753","False","False","False","False","False"
"754","False","False","False","False","False"
"755","False","False","False","False","False"
"756","False","False","False","False","False"
"757","False","True","False","False","False"
"758","False","False","False","True","False"
"759","False","False","False","False","False"
"760","False","False","False","False","False"
"761","False","False","False","False","False"
"762","False","False","False","False","False"
"763","False","False","False","False","False"
"764","False","True","False","False","False"
"765","False","False","False","False","False"
"766","False","False","False","False","False"
"767","False","False","False","False","False"
"768","False","True","False","False","False"
"769","False","False","False","False","False"
"770","False","False","False","False","False"
"771","False","False","False","False","False"
"772","False","False","False","False","False"
"773","False","False","False","False","False"
"774","False","False","False","False","False"
"775","False","False","False","False","False"
"776","False","False","False","False","False"
"777","False","False","False","False","False"
"778","False","False","False","False","False"
"779","False","False","False","False","False"
"780","False","False","False","False","False"
"781","False","False","False","False","False"
"782","False","False","False","False","False"
"783","False","False","False","False","False"
"784","False","False","False","False","False"
"785","False","False","False","False","False"
"786","False","False","False","False","False"
"787","False","False","False","False","False"
"788","False","False","False","False","False"
"789","False","True","False","False","False"
"790","False","False","False","False","False"
"791","False","False","False","False","False"
"792","False","False","False","False","False"
"793","False","False","False","False","False"
"794","False","False","False","False","False"
"795","False","False","False","False","False"
"796","False","False","False","False","False"
"797","False","False","False","False","False"
"798","False","False","False","True","False"
"799","False","False","False","False","False"
"800","False","False","False","False","False"
"801","False","False","False","False","False"
"802","False","False","False","False","False"
"803","False","False","False","False","False"
"804","False","False","False","False","False"
"805","False","False","False","False","False"
"806","False","False","False","False","False"
"807","False","False","False","False","False"
"808","False","False","False","False","False"
"809","False","True","True","True","True"
"810","False","False","False","False","False"
"811","False","False","False","False","False"
"812","False","False","False","False","False"
"813","False","False","False","False","False"
"814","False","False","False","False","False"
"815","False","False","False","False","False"
"816","False","False","False","False","False"
"817","False","False","False","True","False"
"818","False","True","False","False","False"
"819","False","False","False","False","False"
"820","False","False","False","False","False"
"821","False","False","False","False","False"
"822","False","False","False","False","False"
"823","True","False","True","True","True"
"824","False","False","False","False","False"
"825","False","False","False","False","False"
"826","False","False","False","False","False"
"827","False","False","False","False","False"
"828","False","False","False","False","False"
"829","False","False","False","False","False"
"830","False","False","False","False","False"
"831","False","False","False","True","False"
"832","False","False","False","False","False"
"833","False","False","False","False","False"
"834","False","False","False","False","False"
"835","False","False","False","False","False"
"836","False","False","False","False","False"
"837","False","False","False","False","False"
"838","False","False","False","False","False"
"839","False","False","False","False","False"
"840","False","False","False","False","False"
"841","False","False","False","True","False"
"842","False","False","False","False","False"
"843","False","False","False","False","False"
"844","False","False","False","False","False"
"845","False","False","False","False","False"
"846","False","False","False","False","False"
"847","False","False","False","False","False"
"848","False","False","False","False","False"
"849","False","False","False","False","False"
"850","False","False","False","False","False"
"851","False","False","False","False","False"
"852","False","False","False","False","False"
"853","False","False","False","False","False"
"854","False","False","False","False","False"
"855","False","False","False","False","False"
"856","False","False","False","False","False"
"857","False","False","False","False","False"
"858","False","False","False","False","False"
"859","False","False","False","True","False"
"860","False","False","False","False","False"
"861","False","False","False","False","False"
"862","False","False","False","False","False"
"863","False","False","False","False","False"
"864","False","False","False","False","False"
"865","False","False","False","False","False"
"866","False","False","False","False","False"
"867","False","False","False","False","False"
"868","False","False","False","False","False"
"869","False","False","False","False","False"
"870","False","False","False","False","False"
"871","False","False","False","False","False"
"872","False","False","False","False","False"
"873","False","False","False","False","False"
"874","False","False","False","False","False"
"875","False","False","False","False","False"
"876","False","False","False","False","False"
"877","False","False","False","False","False"
"878","False","False","False","False","False"
"879","False","False","False","False","False"
"880","False","False","False","False","False"
"881","False","False","False","False","False"
"882","False","False","False","False","False"
"883","False","False","False","False","False"
"884","False","False","False","False","False"
"885","False","False","False","False","False"
"886","False","False","False","False","False"
"887","False","False","False","False","False"
"888","False","False","False","False","False"
"889","False","False","False","False","False"
"890","False","False","False","False","False"
"891","False","False","False","False","False"
"892","False","False","False","False","False"
"893","False","False","False","False","False"
"894","False","False","False","False","False"
"895","False","False","False","False","False"
"896","False","False","False","True","False"
"897","False","False","False","False","False"
"898","False","False","False","False","False"
"899","False","False","False","False","False"
"900","False","False","False","False","False"
"901","False","False","False","False","False"
"902","False","False","False","False","False"
"903","False","True","False","False","False"
"904","False","True","False","False","False"
"905","False","False","False","False","False"
"906","False","False","False","False","False"
"907","False","False","False","False","False"
"908","False","False","False","False","False"
"909","False","False","False","False","False"
"910","False","False","False","False","False"
"911","False","False","False","False","False"
"912","False","False","False","False","False"
"913","False","False","False","False","False"
"914","False","False","False","False","False"
"915","False","False","False","False","False"
"916","False","False","False","False","False"
"917","False","False","False","False","False"
"918","False","False","False","False","False"
"919","False","True","False","False","False"
"920","False","False","False","False","False"
"921","False","False","False","False","False"
"922","False","False","False","False","False"
"923","False","False","False","False","False"
"924","False","False","False","True","False"
"925","False","False","False","False","False"
"926","False","False","False","False","False"
"927","False","False","False","False","False"
"928","False","False","False","False","False"
"929","False","False","False","False","False"
"930","True","False","True","True","True"
"931","False","False","False","False","False"
"932","False","False","False","False","False"
"933","False","False","False","False","False"
"934","False","False","False","False","False"
"935","False","False","False","False","False"
"936","False","False","False","False","False"
"937","False","False","False","False","False"
"938","False","False","False","False","False"
"939","False","False","False","False","False"
"940","False","False","False","False","False"
"941","False","False","False","False","False"
"942","False","False","False","False","False"
"943","False","True","False","False","False"
"944","False","True","True","True","True"
"945","False","False","False","False","False"
"946","False","False","False","False","False"
"947","False","False","False","False","False"
"948","False","False","False","False","False"
"949","False","False","False","True","False"
"950","False","False","False","False","False"
"951","False","False","False","False","False"
"952","False","False","False","False","False"
"953","False","False","False","False","False"
"954","False","True","False","False","False"
"955","False","False","False","False","False"
"956","False","False","False","False","False"
"957","False","False","False","False","False"
"958","False","False","False","False","False"
"959","False","False","False","False","False"
"960","False","False","False","False","False"
"961","False","False","False","False","False"
"962","False","False","False","False","False"
"963","False","False","False","False","False"
"964","False","False","False","False","False"
"965","False","False","False","False","False"
"966","False","False","False","False","False"
"967","False","False","False","True","False"
"968","False","False","False","False","False"
"969","False","False","False","False","False"
"970","False","False","False","False","False"
"971","False","False","False","False","False"
"972","False","False","False","False","False"
"973","False","False","False","True","False"
"974","False","False","False","False","False"
"975","False","False","False","False","False"
"976","False","False","False","False","False"
"977","False","False","False","False","False"
"978","False","False","False","False","False"
"979","False","False","False","False","False"
"980","False","False","False","False","False"
"981","False","False","False","False","False"
"982","False","False","False","False","False"
"983","False","False","False","False","False"
"984","False","False","False","False","False"
"985","False","False","False","False","False"
"986","False","False","False","False","False"
"987","False","False","False","False","False"
"988","False","False","False","False","False"
"989","False","False","False","False","False"
"990","False","False","False","False","False"
"991","False","False","False","False","False"
"992","True","False","True","True","False"
"993","False","False","False","False","False"
"994","False","False","False","False","False"
"995","False","False","False","False","False"
"996","False","False","False","True","False"
"997","False","False","False","False","True"
"998","False","False","False","False","False"
"999","False","False","False","False","False"
"1000","False","False","False","False","False"
